product_id,application,type,mounting_location,accessories,model_year
1,outdoor,residential,roof,without light,2022-12-08 23:31:20
2,outdoor,industrial,wall,without light,2023-01-23 03:59:58
3,outdoor,residential,free standing,with light,2022-07-05 07:23:53
4,indoor,industrial,roof,with light,2022-04-26 20:45:11
5,indoor,residential,roof,without light,2022-11-10 13:40:01
6,outdoor,residential,roof,with light,2022-09-09 14:57:50
7,indoor,industrial,wall,without light,2022-10-29 06:11:17
8,outdoor,commercial,wall,with light,2022-05-02 10:41:36
9,outdoor,residential,wall,with light,2023-02-25 17:50:50
10,outdoor,industrial,roof,with light,2022-03-26 02:19:18
11,indoor,industrial,wall,without light,2022-08-07 15:44:17
12,indoor,industrial,roof,with light,2022-05-27 02:41:36
13,indoor,commercial,roof,with light,2022-09-06 16:15:04
14,indoor,residential,roof,without light,2022-08-20 09:40:05
15,outdoor,commercial,wall,with light,2022-04-10 13:07:22
16,outdoor,residential,roof,with light,2022-04-14 08:35:09
17,indoor,industrial,wall,with light,2022-07-23 15:14:42
18,outdoor,commercial,roof,with light,2022-08-11 22:35:17
19,indoor,residential,free standing,without light,2022-11-22 20:24:55
20,outdoor,commercial,wall,without light,2023-03-03 11:50:21
21,indoor,residential,free standing,without light,2023-01-28 21:09:29
22,indoor,residential,wall,with light,2022-12-25 21:39:46
23,outdoor,residential,free standing,without light,2022-04-28 14:16:21
24,indoor,residential,wall,with light,2023-02-28 10:26:20
25,outdoor,industrial,roof,without light,2022-06-26 13:55:53
26,outdoor,residential,free standing,with light,2022-08-04 10:37:06
27,outdoor,industrial,roof,with light,2023-02-03 04:45:48
28,indoor,residential,free standing,with light,2022-10-20 13:36:08
29,indoor,commercial,free standing,with light,2022-07-21 04:42:19
30,outdoor,residential,free standing,with light,2022-10-17 12:42:48
31,outdoor,industrial,roof,with light,2022-04-17 05:56:29
32,indoor,industrial,roof,with light,2022-05-30 21:59:38
33,indoor,residential,free standing,with light,2022-11-08 12:48:11
34,outdoor,industrial,free standing,without light,2022-09-14 23:54:45
35,indoor,industrial,free standing,with light,2022-08-29 17:54:04
36,outdoor,residential,roof,without light,2022-08-12 21:45:55
37,indoor,residential,free standing,with light,2023-02-13 21:06:58
38,outdoor,commercial,roof,without light,2022-09-05 09:13:21
39,indoor,commercial,roof,without light,2022-09-26 19:35:11
40,outdoor,industrial,free standing,with light,2022-09-04 04:02:42
41,indoor,residential,roof,with light,2022-07-27 05:45:46
42,outdoor,residential,free standing,without light,2022-12-27 12:49:57
43,outdoor,residential,free standing,without light,2023-02-07 06:48:23
44,outdoor,industrial,roof,with light,2022-12-13 04:38:34
45,indoor,residential,free standing,with light,2022-11-13 04:50:41
46,indoor,residential,wall,without light,2022-05-01 02:35:18
47,indoor,commercial,wall,without light,2022-04-07 07:05:27
48,indoor,commercial,roof,with light,2022-05-13 07:56:16
49,outdoor,residential,free standing,with light,2022-09-01 22:35:52
50,outdoor,residential,roof,without light,2022-11-06 14:19:17
51,outdoor,commercial,roof,with light,2023-03-09 02:10:12
52,outdoor,residential,roof,without light,2022-04-26 21:37:07
53,indoor,industrial,roof,with light,2022-06-11 02:31:06
54,indoor,industrial,wall,with light,2022-10-12 01:31:52
55,outdoor,commercial,free standing,with light,2023-01-27 16:58:04
56,outdoor,industrial,free standing,with light,2023-01-30 01:01:37
57,indoor,industrial,free standing,without light,2022-06-25 08:45:40
58,indoor,commercial,roof,without light,2022-05-25 11:33:57
59,outdoor,residential,roof,without light,2022-08-26 01:44:47
60,outdoor,commercial,roof,without light,2022-10-03 19:50:42
61,indoor,residential,free standing,without light,2022-03-24 22:11:20
62,outdoor,industrial,roof,with light,2022-11-05 08:45:25
63,outdoor,residential,free standing,with light,2023-01-22 10:23:28
64,indoor,residential,wall,with light,2022-12-09 03:42:52
65,outdoor,residential,roof,without light,2022-09-06 17:43:58
66,indoor,commercial,free standing,with light,2022-09-25 09:46:41
67,outdoor,residential,free standing,without light,2022-04-11 01:18:11
68,indoor,commercial,wall,with light,2022-11-08 01:31:59
69,indoor,commercial,free standing,without light,2022-04-15 10:45:45
70,indoor,residential,wall,with light,2022-11-05 03:46:59
71,outdoor,industrial,roof,with light,2022-09-21 10:11:33
72,outdoor,commercial,wall,without light,2022-07-19 04:49:15
73,indoor,commercial,free standing,with light,2022-09-28 20:32:42
74,indoor,residential,roof,without light,2023-02-20 22:13:57
75,outdoor,commercial,free standing,with light,2022-12-06 12:35:14
76,indoor,industrial,roof,without light,2022-08-16 03:29:29
77,indoor,industrial,wall,with light,2022-09-19 00:50:41
78,outdoor,residential,roof,with light,2022-05-12 00:24:43
79,indoor,commercial,wall,with light,2022-06-13 14:34:40
80,outdoor,residential,free standing,without light,2022-11-17 00:22:48
81,outdoor,industrial,free standing,without light,2022-11-08 03:18:35
82,outdoor,residential,free standing,without light,2022-05-03 15:12:34
83,outdoor,industrial,wall,with light,2023-01-10 06:40:30
84,indoor,commercial,roof,without light,2022-12-08 21:49:40
85,outdoor,residential,wall,without light,2022-04-07 15:22:24
86,indoor,commercial,free standing,without light,2023-02-16 12:11:11
87,outdoor,industrial,roof,with light,2022-11-12 00:14:43
88,outdoor,residential,roof,with light,2023-01-24 06:16:03
89,outdoor,industrial,wall,with light,2022-11-16 23:25:14
90,outdoor,industrial,roof,with light,2022-03-20 04:40:13
91,indoor,residential,free standing,without light,2023-03-13 13:48:41
92,indoor,commercial,roof,without light,2022-10-11 12:50:44
93,indoor,residential,free standing,with light,2022-12-30 01:30:01
94,indoor,industrial,roof,without light,2022-07-04 01:11:30
95,outdoor,commercial,free standing,without light,2023-01-19 17:16:52
96,indoor,residential,free standing,without light,2022-10-01 21:14:37
97,outdoor,commercial,wall,with light,2022-05-17 15:02:59
98,indoor,residential,free standing,with light,2022-11-01 16:56:10
99,outdoor,commercial,wall,with light,2022-09-18 10:21:22
100,indoor,residential,roof,without light,2022-08-08 04:35:39
101,indoor,industrial,roof,with light,2022-07-24 09:48:54
102,outdoor,industrial,wall,with light,2023-02-05 08:28:23
103,outdoor,industrial,free standing,with light,2022-10-13 16:28:48
104,indoor,residential,wall,with light,2022-04-14 18:11:33
105,outdoor,industrial,roof,with light,2022-08-07 00:20:22
106,indoor,residential,wall,without light,2023-01-31 04:27:12
107,outdoor,residential,roof,without light,2022-04-11 20:07:53
108,indoor,residential,roof,with light,2022-06-18 12:04:55
109,indoor,residential,roof,without light,2022-11-10 07:35:14
110,indoor,residential,wall,with light,2023-02-13 15:51:51
111,indoor,commercial,roof,without light,2022-08-25 04:00:08
112,indoor,industrial,free standing,with light,2022-10-25 23:32:03
113,outdoor,residential,wall,without light,2022-05-13 18:02:56
114,outdoor,residential,roof,with light,2022-05-29 14:02:37
115,outdoor,industrial,wall,with light,2022-11-16 14:12:52
116,outdoor,industrial,wall,without light,2022-10-20 21:47:45
117,indoor,commercial,wall,with light,2022-06-11 21:44:37
118,indoor,commercial,roof,without light,2022-04-21 09:03:40
119,outdoor,industrial,roof,with light,2023-01-05 09:26:09
120,indoor,industrial,wall,with light,2022-05-26 22:58:19
121,outdoor,industrial,wall,with light,2023-03-18 04:04:13
122,indoor,residential,wall,with light,2022-05-15 06:14:36
123,indoor,industrial,free standing,without light,2022-04-05 03:23:34
124,outdoor,commercial,wall,without light,2022-12-06 11:47:06
125,indoor,residential,free standing,with light,2023-01-28 22:44:43
126,indoor,residential,wall,without light,2022-07-23 14:22:32
127,indoor,residential,wall,without light,2022-07-16 03:37:39
128,outdoor,industrial,roof,with light,2022-09-26 21:50:06
129,outdoor,industrial,wall,without light,2022-03-19 23:02:28
130,indoor,residential,wall,without light,2023-01-11 12:04:45
131,indoor,industrial,roof,with light,2022-12-24 03:25:30
132,outdoor,residential,free standing,with light,2022-05-08 14:09:58
133,indoor,industrial,roof,with light,2023-03-04 20:33:16
134,outdoor,industrial,wall,without light,2022-07-25 03:58:20
135,indoor,residential,roof,without light,2022-09-29 02:25:33
136,indoor,industrial,roof,with light,2022-07-19 09:00:37
137,indoor,commercial,roof,without light,2023-02-08 20:15:26
138,outdoor,industrial,roof,with light,2023-02-21 15:07:05
139,indoor,industrial,free standing,with light,2022-09-08 01:27:10
140,indoor,industrial,wall,with light,2022-08-20 23:18:43
141,outdoor,industrial,roof,without light,2022-08-06 02:45:20
142,indoor,industrial,roof,with light,2022-09-24 02:18:29
143,indoor,residential,roof,with light,2022-05-24 05:07:05
144,outdoor,residential,roof,without light,2022-04-04 19:20:31
145,indoor,commercial,free standing,without light,2022-09-22 00:01:15
146,indoor,industrial,wall,with light,2022-12-26 03:43:29
147,indoor,commercial,wall,without light,2022-11-25 00:11:11
148,outdoor,industrial,wall,with light,2022-11-16 06:07:28
149,outdoor,industrial,free standing,without light,2023-01-22 19:14:25
150,outdoor,commercial,roof,with light,2022-06-22 08:45:30
151,indoor,industrial,free standing,with light,2022-12-27 08:52:16
152,outdoor,industrial,free standing,without light,2022-09-22 19:54:23
153,outdoor,residential,roof,without light,2022-05-04 17:18:39
154,indoor,commercial,wall,with light,2022-09-16 12:14:46
155,indoor,residential,free standing,without light,2023-01-06 14:41:41
156,indoor,residential,roof,without light,2022-09-17 03:36:18
157,outdoor,industrial,roof,without light,2023-01-16 01:40:18
158,outdoor,industrial,roof,without light,2022-04-11 06:58:55
159,indoor,commercial,wall,without light,2023-02-03 15:11:55
160,indoor,industrial,free standing,with light,2022-11-18 05:16:51
161,indoor,industrial,roof,with light,2022-10-13 07:54:29
162,outdoor,commercial,wall,without light,2022-03-20 10:28:23
163,indoor,commercial,free standing,without light,2023-01-20 04:03:26
164,outdoor,industrial,roof,with light,2022-11-21 07:43:44
165,indoor,residential,free standing,without light,2022-10-25 21:28:58
166,outdoor,commercial,wall,without light,2022-10-14 21:50:10
167,outdoor,industrial,roof,without light,2022-03-24 01:52:46
168,outdoor,industrial,free standing,with light,2022-12-26 11:43:06
169,outdoor,industrial,free standing,with light,2023-01-10 10:59:28
170,outdoor,industrial,free standing,with light,2022-09-23 08:36:03
171,outdoor,industrial,wall,with light,2023-01-11 04:15:34
172,outdoor,industrial,roof,with light,2022-09-10 12:03:13
173,indoor,industrial,wall,with light,2023-01-08 00:11:35
174,outdoor,industrial,free standing,without light,2022-10-06 06:28:23
175,outdoor,residential,wall,with light,2023-02-25 20:46:20
176,outdoor,residential,roof,without light,2022-12-23 10:18:56
177,indoor,commercial,wall,without light,2022-08-18 17:21:36
178,outdoor,industrial,wall,without light,2022-10-13 04:46:33
179,outdoor,industrial,roof,without light,2023-02-10 23:04:43
180,indoor,residential,roof,without light,2023-01-22 13:18:43
181,indoor,industrial,wall,with light,2022-03-19 16:21:22
182,outdoor,commercial,free standing,without light,2022-06-26 13:47:08
183,outdoor,commercial,wall,without light,2023-02-13 12:39:39
184,indoor,residential,roof,without light,2023-02-26 18:38:14
185,indoor,residential,free standing,without light,2022-06-05 22:48:15
186,outdoor,industrial,roof,with light,2022-10-20 22:35:11
187,outdoor,commercial,wall,with light,2022-07-05 13:53:19
188,indoor,commercial,wall,with light,2022-05-04 00:58:51
189,indoor,commercial,roof,without light,2022-06-01 14:55:26
190,outdoor,residential,free standing,without light,2023-01-02 05:17:24
191,outdoor,commercial,wall,with light,2022-05-02 14:20:12
192,outdoor,industrial,free standing,without light,2022-05-16 23:21:06
193,indoor,industrial,free standing,without light,2022-12-03 19:47:43
194,indoor,commercial,wall,without light,2022-05-06 15:18:38
195,indoor,residential,wall,without light,2022-10-03 18:05:30
196,indoor,residential,roof,without light,2023-01-29 22:14:00
197,indoor,industrial,wall,without light,2022-12-20 03:19:52
198,indoor,residential,roof,with light,2022-07-22 23:37:06
199,indoor,commercial,roof,with light,2022-10-26 09:11:44
200,indoor,residential,roof,without light,2022-08-04 02:23:23
201,outdoor,residential,roof,without light,2022-10-14 14:55:36
202,outdoor,industrial,roof,without light,2023-01-13 01:04:56
203,outdoor,industrial,roof,with light,2022-05-02 09:49:43
204,outdoor,industrial,roof,without light,2022-08-04 20:30:20
205,indoor,residential,wall,with light,2022-08-30 05:27:42
206,indoor,industrial,wall,without light,2022-07-17 16:55:52
207,outdoor,commercial,roof,with light,2022-12-09 17:00:55
208,outdoor,commercial,free standing,with light,2022-09-23 13:39:43
209,indoor,industrial,wall,without light,2022-08-22 04:05:42
210,indoor,commercial,wall,with light,2022-06-04 18:38:31
211,indoor,residential,wall,with light,2022-06-01 06:17:47
212,indoor,commercial,free standing,without light,2022-05-04 05:50:36
213,outdoor,commercial,roof,with light,2022-11-30 22:18:26
214,indoor,residential,roof,without light,2022-05-14 02:29:22
215,indoor,industrial,free standing,with light,2023-01-02 19:18:37
216,indoor,commercial,wall,with light,2022-06-07 02:21:45
217,outdoor,residential,free standing,with light,2022-11-24 02:56:58
218,outdoor,commercial,free standing,with light,2023-02-25 07:37:41
219,outdoor,industrial,wall,with light,2022-04-23 21:14:12
220,outdoor,commercial,free standing,without light,2022-06-10 07:54:42
221,indoor,commercial,wall,without light,2022-11-18 21:52:14
222,indoor,commercial,roof,with light,2022-05-05 02:25:45
223,outdoor,industrial,free standing,with light,2023-01-22 18:27:15
224,outdoor,residential,roof,with light,2022-03-22 02:16:12
225,indoor,commercial,wall,with light,2023-01-26 16:30:27
226,indoor,residential,free standing,without light,2022-05-23 23:00:15
227,indoor,industrial,wall,without light,2022-07-15 13:51:54
228,indoor,industrial,roof,with light,2022-09-27 12:15:52
229,indoor,residential,wall,with light,2022-11-24 18:32:23
230,outdoor,commercial,free standing,with light,2022-09-20 17:52:28
231,outdoor,commercial,wall,with light,2022-07-31 12:17:26
232,indoor,industrial,free standing,without light,2022-11-05 20:29:41
233,outdoor,commercial,wall,without light,2023-02-05 02:05:05
234,indoor,commercial,free standing,without light,2022-11-15 11:56:02
235,outdoor,industrial,wall,without light,2023-02-11 08:01:45
236,outdoor,residential,roof,without light,2022-11-26 14:02:39
237,outdoor,industrial,free standing,without light,2022-05-10 20:48:36
238,indoor,commercial,wall,without light,2022-11-30 07:37:14
239,indoor,commercial,free standing,without light,2023-01-09 13:14:38
240,indoor,commercial,roof,without light,2022-11-02 12:55:39
241,indoor,industrial,free standing,with light,2022-06-27 12:28:49
242,indoor,residential,free standing,with light,2022-11-10 15:03:54
243,outdoor,commercial,free standing,without light,2022-06-18 11:18:49
244,outdoor,residential,wall,without light,2022-04-27 09:45:55
245,indoor,commercial,roof,with light,2022-04-10 14:08:13
246,outdoor,residential,roof,with light,2022-10-08 23:17:29
247,indoor,industrial,roof,without light,2022-07-19 07:22:09
248,indoor,residential,free standing,with light,2022-07-01 01:45:56
249,indoor,residential,wall,without light,2022-12-02 03:30:38
250,indoor,industrial,roof,with light,2022-07-08 22:52:28
251,indoor,industrial,roof,with light,2022-08-05 22:51:25
252,indoor,industrial,wall,without light,2022-11-13 06:08:54
253,indoor,commercial,wall,with light,2022-06-20 08:43:21
254,indoor,residential,wall,with light,2022-10-02 17:28:38
255,indoor,commercial,roof,with light,2022-09-05 23:04:10
256,indoor,industrial,roof,without light,2023-02-22 19:31:39
257,indoor,residential,free standing,without light,2023-01-10 21:47:20
258,outdoor,residential,wall,with light,2023-01-14 22:52:21
259,indoor,residential,roof,without light,2022-06-09 09:10:53
260,outdoor,residential,free standing,without light,2022-10-04 04:47:20
261,outdoor,residential,wall,with light,2022-07-26 20:22:03
262,indoor,commercial,free standing,with light,2022-03-30 23:15:07
263,outdoor,commercial,roof,without light,2022-04-19 12:25:43
264,indoor,industrial,wall,with light,2022-08-25 16:52:00
265,outdoor,commercial,free standing,with light,2022-04-20 07:46:54
266,outdoor,residential,free standing,with light,2022-10-20 10:23:08
267,outdoor,commercial,wall,without light,2022-03-25 19:01:57
268,indoor,commercial,wall,with light,2022-10-07 19:02:27
269,indoor,industrial,roof,without light,2022-03-30 16:29:54
270,outdoor,commercial,free standing,with light,2022-10-28 16:20:28
271,outdoor,residential,wall,with light,2022-12-09 15:47:31
272,indoor,residential,wall,with light,2023-02-24 11:38:56
273,indoor,residential,free standing,with light,2022-09-08 07:42:31
274,indoor,commercial,wall,with light,2022-06-03 16:57:19
275,indoor,industrial,free standing,without light,2022-11-21 09:14:20
276,indoor,residential,free standing,without light,2022-11-17 13:54:43
277,outdoor,commercial,free standing,without light,2023-01-09 22:03:02
278,outdoor,commercial,wall,without light,2022-07-31 22:57:53
279,outdoor,commercial,free standing,without light,2022-11-11 16:21:53
280,outdoor,industrial,roof,with light,2022-05-04 09:55:05
281,indoor,residential,roof,with light,2022-06-04 12:37:03
282,indoor,industrial,free standing,without light,2022-06-30 01:14:28
283,indoor,residential,wall,without light,2022-11-18 01:43:33
284,indoor,commercial,wall,with light,2022-09-14 04:37:11
285,outdoor,commercial,roof,without light,2023-02-20 23:31:58
286,indoor,residential,wall,with light,2022-04-18 08:12:29
287,indoor,residential,free standing,with light,2022-10-30 16:45:00
288,indoor,industrial,free standing,without light,2023-01-29 12:53:54
289,outdoor,residential,roof,without light,2022-04-20 23:55:08
290,outdoor,commercial,free standing,with light,2022-07-26 15:39:36
291,outdoor,industrial,free standing,without light,2022-05-20 13:37:31
292,indoor,commercial,roof,with light,2022-12-13 03:22:44
293,indoor,industrial,wall,without light,2022-03-20 05:00:55
294,indoor,commercial,roof,without light,2022-11-16 17:04:18
295,outdoor,industrial,free standing,without light,2022-12-13 01:20:49
296,indoor,commercial,wall,without light,2023-03-09 04:20:06
297,outdoor,residential,wall,with light,2022-06-18 12:57:36
298,outdoor,residential,free standing,without light,2022-04-12 12:06:12
299,outdoor,industrial,roof,without light,2022-11-23 03:22:31
300,indoor,commercial,roof,with light,2022-10-19 17:58:34
301,indoor,industrial,roof,with light,2023-01-26 14:20:17
302,outdoor,industrial,wall,with light,2022-08-24 21:33:02
303,indoor,industrial,roof,with light,2023-01-02 05:15:57
304,outdoor,residential,roof,without light,2023-01-14 08:50:31
305,indoor,residential,roof,without light,2022-11-18 22:43:32
306,indoor,industrial,free standing,without light,2022-06-20 10:38:03
307,outdoor,industrial,roof,without light,2023-02-10 00:50:48
308,indoor,commercial,free standing,with light,2022-06-18 11:54:56
309,indoor,industrial,wall,without light,2022-12-28 18:16:58
310,outdoor,industrial,free standing,without light,2023-03-17 11:29:18
311,outdoor,industrial,roof,with light,2022-07-21 00:01:24
312,outdoor,industrial,wall,without light,2022-08-15 00:44:20
313,indoor,industrial,roof,with light,2023-03-17 05:45:38
314,outdoor,industrial,free standing,without light,2022-10-25 09:28:32
315,indoor,commercial,roof,without light,2022-08-13 15:10:27
316,indoor,commercial,free standing,with light,2023-01-06 04:48:37
317,outdoor,commercial,wall,without light,2022-12-27 11:04:10
318,indoor,industrial,free standing,with light,2022-11-11 20:19:24
319,outdoor,commercial,wall,without light,2022-06-24 10:08:54
320,indoor,commercial,free standing,with light,2022-07-23 12:28:49
321,indoor,industrial,free standing,with light,2022-09-10 12:24:16
322,outdoor,commercial,wall,with light,2022-04-22 05:08:25
323,indoor,commercial,roof,without light,2023-03-08 21:24:11
324,outdoor,industrial,wall,without light,2022-08-12 18:35:12
325,indoor,industrial,roof,without light,2022-06-07 00:39:18
326,indoor,industrial,wall,with light,2022-11-30 07:00:41
327,outdoor,residential,free standing,with light,2022-10-23 09:10:39
328,outdoor,residential,free standing,with light,2022-05-07 19:07:44
329,outdoor,commercial,wall,without light,2022-08-08 01:18:56
330,indoor,commercial,roof,with light,2022-07-05 17:35:10
331,outdoor,residential,free standing,with light,2023-02-28 10:02:33
332,outdoor,commercial,wall,with light,2022-09-04 21:43:08
333,outdoor,residential,roof,without light,2023-01-14 23:01:41
334,indoor,residential,free standing,without light,2023-03-18 11:38:45
335,outdoor,commercial,roof,without light,2022-09-11 00:29:42
336,outdoor,commercial,free standing,without light,2022-12-15 02:16:40
337,outdoor,industrial,wall,without light,2022-04-13 17:05:24
338,outdoor,industrial,wall,with light,2023-03-15 14:09:28
339,indoor,industrial,free standing,without light,2022-08-09 06:33:10
340,outdoor,residential,roof,with light,2022-05-19 22:51:02
341,outdoor,industrial,free standing,with light,2022-10-16 16:13:07
342,outdoor,industrial,roof,without light,2022-12-30 18:16:49
343,indoor,residential,wall,without light,2022-12-26 07:25:12
344,outdoor,residential,roof,without light,2022-08-19 16:35:06
345,outdoor,commercial,free standing,without light,2022-12-08 14:31:19
346,outdoor,industrial,wall,with light,2022-07-13 23:33:36
347,indoor,commercial,free standing,without light,2022-05-01 18:28:40
348,outdoor,industrial,wall,with light,2022-12-30 20:50:40
349,outdoor,industrial,roof,without light,2022-10-12 20:11:14
350,indoor,residential,free standing,with light,2022-10-31 09:53:45
351,indoor,residential,roof,with light,2022-06-18 03:14:14
352,outdoor,residential,wall,with light,2022-04-03 15:39:55
353,indoor,residential,free standing,without light,2023-01-22 11:54:31
354,indoor,residential,roof,with light,2022-03-22 06:31:25
355,outdoor,commercial,roof,with light,2022-03-31 15:52:00
356,outdoor,commercial,free standing,without light,2022-09-23 11:40:36
357,indoor,residential,free standing,without light,2022-09-18 18:51:49
358,outdoor,commercial,wall,without light,2022-08-05 07:36:01
359,indoor,residential,roof,without light,2022-11-04 11:41:35
360,indoor,residential,free standing,without light,2023-01-20 05:23:45
361,outdoor,commercial,roof,without light,2022-04-21 17:05:00
362,outdoor,residential,free standing,with light,2022-12-17 10:52:18
363,outdoor,commercial,wall,with light,2022-12-21 03:05:37
364,outdoor,industrial,roof,without light,2023-02-18 17:11:12
365,outdoor,residential,wall,with light,2022-06-10 15:29:54
366,indoor,residential,roof,without light,2022-03-22 04:06:52
367,outdoor,commercial,roof,with light,2022-11-20 23:32:57
368,outdoor,residential,free standing,with light,2022-08-12 16:26:31
369,outdoor,residential,free standing,without light,2022-05-28 19:31:38
370,indoor,industrial,roof,without light,2023-01-30 02:31:39
371,indoor,industrial,roof,with light,2022-04-01 11:25:28
372,indoor,industrial,free standing,without light,2022-10-26 18:25:27
373,outdoor,commercial,wall,with light,2023-03-07 08:48:45
374,outdoor,residential,roof,with light,2022-10-13 04:12:33
375,indoor,residential,wall,with light,2022-04-05 03:23:12
376,outdoor,commercial,wall,with light,2022-06-20 03:47:55
377,indoor,commercial,free standing,with light,2023-01-23 14:31:09
378,outdoor,commercial,free standing,without light,2022-06-27 04:14:10
379,outdoor,industrial,roof,with light,2022-04-04 11:54:52
380,indoor,industrial,roof,without light,2022-09-08 11:10:17
381,outdoor,commercial,free standing,without light,2022-11-19 03:20:22
382,indoor,commercial,wall,with light,2022-08-06 13:30:57
383,outdoor,residential,wall,with light,2023-02-15 06:57:36
384,indoor,industrial,roof,with light,2022-05-12 13:01:34
385,indoor,industrial,free standing,without light,2022-11-10 23:51:29
386,indoor,residential,wall,without light,2023-01-25 06:23:00
387,indoor,residential,wall,without light,2023-02-23 08:25:16
388,outdoor,commercial,free standing,without light,2022-11-28 23:45:27
389,outdoor,commercial,free standing,with light,2023-01-29 20:59:16
390,indoor,commercial,wall,without light,2023-01-27 04:00:13
391,outdoor,commercial,free standing,without light,2022-12-17 14:54:38
392,outdoor,residential,wall,with light,2022-05-31 16:46:18
393,indoor,commercial,wall,with light,2022-09-11 06:07:29
394,outdoor,residential,roof,with light,2022-09-04 18:45:22
395,indoor,residential,free standing,with light,2022-06-07 18:00:20
396,indoor,commercial,wall,without light,2023-01-02 03:22:31
397,outdoor,commercial,free standing,without light,2022-10-24 13:59:26
398,indoor,industrial,wall,without light,2022-08-06 01:43:04
399,outdoor,industrial,wall,without light,2022-06-24 03:36:27
400,outdoor,industrial,free standing,with light,2022-04-02 21:07:15
401,indoor,residential,wall,without light,2022-09-06 20:28:36
402,outdoor,industrial,roof,with light,2022-08-13 23:17:59
403,outdoor,industrial,wall,with light,2022-07-20 21:43:18
404,outdoor,residential,free standing,with light,2022-07-13 20:56:57
405,indoor,residential,free standing,without light,2022-10-30 02:42:45
406,indoor,industrial,free standing,with light,2022-11-29 13:17:14
407,indoor,commercial,roof,with light,2022-09-21 13:14:19
408,indoor,commercial,free standing,with light,2022-10-26 10:29:53
409,outdoor,residential,wall,with light,2022-07-04 13:01:10
410,indoor,residential,roof,with light,2022-11-01 03:05:05
411,outdoor,industrial,wall,with light,2022-11-08 07:32:22
412,indoor,commercial,wall,without light,2022-08-03 06:08:52
413,indoor,residential,roof,with light,2022-04-17 11:21:43
414,indoor,commercial,free standing,with light,2022-08-09 14:32:45
415,indoor,commercial,free standing,with light,2023-02-08 01:12:04
416,outdoor,commercial,free standing,with light,2022-07-12 22:05:16
417,outdoor,industrial,wall,with light,2022-11-02 23:51:19
418,indoor,residential,free standing,without light,2023-03-04 15:07:54
419,indoor,industrial,free standing,with light,2023-02-05 21:02:37
420,outdoor,residential,wall,without light,2023-03-13 06:44:36
421,outdoor,residential,free standing,without light,2022-12-04 01:09:05
422,outdoor,industrial,free standing,with light,2022-03-30 09:40:24
423,outdoor,industrial,roof,without light,2022-10-31 13:49:18
424,outdoor,residential,wall,with light,2023-01-23 18:38:44
425,outdoor,industrial,roof,with light,2022-10-13 15:15:59
426,outdoor,residential,roof,without light,2022-07-31 18:04:26
427,indoor,commercial,roof,with light,2022-04-20 06:00:13
428,outdoor,commercial,free standing,with light,2022-04-27 01:20:44
429,outdoor,residential,roof,without light,2022-07-24 16:53:10
430,outdoor,industrial,free standing,without light,2022-11-08 18:26:29
431,indoor,residential,roof,with light,2022-09-16 17:44:07
432,outdoor,residential,wall,with light,2022-12-10 11:03:32
433,indoor,commercial,free standing,with light,2022-10-04 12:47:30
434,indoor,commercial,free standing,with light,2022-12-27 23:40:02
435,outdoor,commercial,wall,with light,2023-03-14 03:57:34
436,outdoor,commercial,free standing,with light,2022-09-30 02:11:17
437,outdoor,commercial,roof,with light,2022-06-24 05:17:49
438,outdoor,residential,wall,without light,2022-04-03 04:27:12
439,indoor,residential,free standing,with light,2022-08-20 13:13:48
440,outdoor,commercial,roof,without light,2022-05-13 06:37:35
441,indoor,commercial,free standing,without light,2022-12-30 05:33:02
442,outdoor,commercial,free standing,with light,2022-10-31 11:21:35
443,indoor,commercial,wall,without light,2022-09-27 11:49:16
444,outdoor,industrial,wall,without light,2022-08-04 17:04:28
445,indoor,residential,free standing,without light,2022-03-29 05:26:46
446,outdoor,industrial,wall,with light,2022-05-29 19:43:14
447,indoor,residential,wall,with light,2022-04-10 23:25:12
448,outdoor,industrial,roof,without light,2022-10-23 00:02:25
449,indoor,commercial,roof,with light,2022-03-22 10:34:19
450,indoor,residential,free standing,without light,2023-02-24 10:50:28
451,outdoor,commercial,wall,without light,2023-01-18 12:40:49
452,outdoor,commercial,free standing,without light,2022-07-09 05:03:59
453,indoor,residential,free standing,with light,2022-06-29 12:31:48
454,outdoor,residential,wall,with light,2022-11-06 09:36:56
455,indoor,commercial,wall,with light,2022-09-04 08:07:20
456,outdoor,residential,free standing,with light,2022-09-20 19:57:25
457,outdoor,industrial,roof,with light,2023-03-07 20:54:58
458,outdoor,industrial,free standing,with light,2022-07-23 22:12:10
459,indoor,industrial,free standing,without light,2022-08-15 17:24:52
460,outdoor,commercial,wall,with light,2022-08-08 15:43:22
461,indoor,residential,roof,without light,2022-08-29 12:20:32
462,outdoor,industrial,free standing,with light,2022-09-01 11:38:12
463,indoor,residential,free standing,with light,2022-08-11 06:41:30
464,outdoor,commercial,wall,with light,2022-07-02 04:33:18
465,outdoor,industrial,wall,with light,2022-09-19 11:27:23
466,indoor,commercial,wall,without light,2022-09-10 00:37:59
467,outdoor,residential,wall,with light,2022-08-31 17:14:01
468,outdoor,residential,free standing,without light,2022-07-08 21:18:20
469,outdoor,commercial,wall,without light,2022-05-08 08:35:28
470,indoor,residential,roof,with light,2023-01-04 09:25:36
471,indoor,commercial,free standing,with light,2022-03-22 14:06:05
472,outdoor,residential,wall,with light,2022-07-27 22:19:03
473,outdoor,industrial,wall,without light,2022-09-10 06:18:17
474,indoor,industrial,wall,with light,2022-05-12 19:40:03
475,indoor,residential,free standing,with light,2023-02-11 11:18:51
476,outdoor,residential,wall,with light,2023-02-06 23:22:32
477,indoor,commercial,roof,without light,2022-11-07 05:08:09
478,indoor,industrial,wall,with light,2022-10-30 07:52:36
479,outdoor,residential,roof,with light,2022-12-12 09:26:41
480,outdoor,commercial,roof,without light,2022-07-15 15:39:12
481,outdoor,residential,roof,without light,2022-11-08 12:56:58
482,outdoor,residential,free standing,without light,2022-11-06 10:22:03
483,indoor,commercial,wall,with light,2022-12-05 03:55:40
484,outdoor,industrial,roof,with light,2022-10-10 15:42:52
485,outdoor,commercial,roof,without light,2023-01-21 17:53:43
486,indoor,commercial,wall,without light,2022-11-28 07:58:05
487,indoor,residential,roof,without light,2022-10-29 22:04:31
488,outdoor,residential,wall,with light,2022-03-20 04:52:22
489,indoor,industrial,wall,without light,2022-10-14 10:22:22
490,indoor,commercial,free standing,with light,2022-10-23 18:10:51
491,outdoor,commercial,free standing,with light,2023-03-18 09:06:26
492,outdoor,commercial,roof,without light,2022-12-27 18:54:58
493,indoor,industrial,roof,without light,2022-09-04 14:13:08
494,indoor,industrial,roof,with light,2022-12-23 06:44:29
495,indoor,industrial,wall,without light,2023-03-17 17:33:14
496,indoor,commercial,free standing,with light,2022-06-30 14:30:34
497,indoor,residential,roof,with light,2022-12-03 10:45:54
498,outdoor,residential,roof,with light,2022-04-10 03:49:02
499,indoor,industrial,roof,with light,2022-09-05 21:41:47
500,outdoor,residential,wall,with light,2022-10-21 23:54:19
501,indoor,industrial,roof,without light,2022-12-17 13:06:59
502,indoor,industrial,free standing,without light,2022-07-11 02:29:23
503,indoor,industrial,wall,with light,2022-06-24 04:38:32
504,indoor,industrial,wall,with light,2022-04-10 04:12:33
505,indoor,industrial,free standing,without light,2022-06-18 01:05:00
506,indoor,residential,wall,with light,2023-01-28 17:09:35
507,indoor,residential,roof,with light,2022-06-19 12:21:02
508,indoor,commercial,wall,without light,2023-03-16 23:49:29
509,outdoor,residential,wall,with light,2022-04-19 21:27:08
510,indoor,industrial,wall,without light,2022-04-14 18:23:27
511,indoor,commercial,roof,with light,2022-08-05 06:51:10
512,indoor,residential,free standing,without light,2022-12-26 22:41:30
513,outdoor,commercial,roof,with light,2023-01-30 13:44:45
514,indoor,residential,free standing,with light,2023-01-27 09:55:15
515,outdoor,residential,wall,without light,2022-05-10 00:43:59
516,indoor,residential,roof,with light,2022-08-27 09:19:54
517,outdoor,commercial,wall,with light,2023-03-17 06:25:50
518,indoor,industrial,wall,with light,2022-10-24 15:55:34
519,indoor,residential,wall,with light,2022-07-24 05:57:26
520,outdoor,commercial,roof,without light,2022-07-17 08:45:34
521,indoor,industrial,wall,without light,2022-09-03 08:15:17
522,indoor,residential,roof,without light,2022-05-14 10:09:18
523,outdoor,residential,wall,with light,2023-01-18 07:52:10
524,outdoor,residential,wall,with light,2022-07-24 00:12:23
525,outdoor,residential,wall,with light,2022-06-16 14:51:31
526,indoor,commercial,free standing,with light,2022-06-15 20:20:20
527,indoor,industrial,wall,without light,2022-04-03 11:41:01
528,indoor,industrial,roof,with light,2022-12-24 06:13:20
529,outdoor,industrial,free standing,without light,2022-04-19 18:51:48
530,indoor,industrial,free standing,without light,2022-09-28 16:34:19
531,indoor,residential,wall,with light,2023-03-14 19:51:01
532,indoor,commercial,free standing,without light,2023-01-11 04:08:38
533,indoor,residential,roof,with light,2022-12-15 03:54:29
534,outdoor,residential,roof,with light,2022-09-10 17:32:36
535,outdoor,residential,wall,with light,2023-03-04 20:39:05
536,indoor,commercial,roof,without light,2022-09-03 13:28:34
537,indoor,commercial,wall,with light,2023-01-18 08:41:32
538,outdoor,residential,roof,without light,2022-11-14 00:37:46
539,outdoor,residential,free standing,with light,2023-01-16 23:06:22
540,outdoor,industrial,wall,without light,2023-01-13 03:56:29
541,outdoor,commercial,wall,with light,2022-06-30 02:02:16
542,outdoor,residential,free standing,with light,2022-09-23 17:39:30
543,indoor,commercial,roof,without light,2022-10-19 13:25:39
544,indoor,industrial,roof,with light,2022-08-01 17:42:00
545,outdoor,residential,roof,without light,2023-02-26 21:01:40
546,outdoor,residential,wall,without light,2022-12-13 23:16:57
547,indoor,industrial,wall,without light,2023-02-25 11:20:28
548,outdoor,residential,wall,with light,2022-05-24 09:49:12
549,indoor,industrial,free standing,with light,2022-09-24 04:01:28
550,indoor,commercial,roof,without light,2023-01-17 04:24:40
551,outdoor,industrial,wall,with light,2022-04-30 14:51:01
552,indoor,commercial,free standing,with light,2022-11-27 21:20:33
553,outdoor,residential,wall,without light,2022-11-07 03:57:54
554,outdoor,industrial,wall,with light,2023-01-13 12:22:03
555,outdoor,commercial,roof,without light,2022-12-23 04:50:39
556,indoor,commercial,roof,without light,2022-10-31 04:35:20
557,outdoor,commercial,roof,with light,2022-11-10 05:14:49
558,indoor,commercial,free standing,with light,2022-06-13 02:28:39
559,indoor,residential,roof,without light,2023-03-07 06:52:32
560,outdoor,industrial,roof,without light,2023-02-07 04:31:23
561,indoor,industrial,free standing,without light,2022-08-03 23:05:46
562,indoor,industrial,wall,without light,2023-01-17 09:44:31
563,indoor,residential,free standing,without light,2022-03-19 10:21:22
564,outdoor,commercial,roof,without light,2022-06-20 15:08:40
565,indoor,commercial,roof,with light,2022-07-01 19:08:53
566,outdoor,industrial,free standing,with light,2023-02-26 00:38:46
567,outdoor,commercial,free standing,with light,2022-04-08 16:56:10
568,indoor,industrial,wall,with light,2022-08-27 13:19:39
569,outdoor,commercial,roof,without light,2022-06-09 23:54:46
570,indoor,commercial,free standing,with light,2022-08-31 23:23:25
571,indoor,industrial,free standing,with light,2022-08-22 14:56:59
572,outdoor,industrial,wall,without light,2022-10-16 23:08:09
573,outdoor,commercial,wall,with light,2022-05-31 19:59:41
574,indoor,industrial,free standing,without light,2022-11-12 11:08:20
575,indoor,industrial,wall,without light,2022-11-03 14:03:57
576,outdoor,commercial,free standing,with light,2023-01-22 01:07:19
577,outdoor,commercial,wall,with light,2022-12-12 01:14:03
578,outdoor,industrial,wall,without light,2023-01-05 03:33:25
579,indoor,industrial,roof,with light,2022-07-10 04:20:06
580,outdoor,residential,roof,with light,2022-09-12 03:12:48
581,outdoor,industrial,wall,with light,2022-10-20 03:02:09
582,indoor,commercial,wall,without light,2022-04-24 10:37:39
583,indoor,residential,roof,with light,2022-12-15 15:21:49
584,outdoor,industrial,roof,without light,2023-02-17 12:22:15
585,indoor,commercial,roof,with light,2022-07-13 22:04:02
586,outdoor,residential,roof,without light,2022-04-30 00:21:17
587,outdoor,industrial,roof,without light,2022-12-17 23:09:00
588,outdoor,industrial,free standing,with light,2022-11-07 11:08:49
589,outdoor,industrial,free standing,with light,2022-06-26 13:26:19
590,indoor,industrial,free standing,without light,2023-01-10 21:54:56
591,indoor,residential,free standing,with light,2022-06-26 05:34:08
592,outdoor,commercial,free standing,with light,2023-02-11 15:01:58
593,indoor,industrial,roof,with light,2022-10-17 12:27:24
594,outdoor,industrial,wall,without light,2022-07-28 00:25:54
595,indoor,residential,roof,with light,2022-05-07 14:35:42
596,outdoor,industrial,free standing,without light,2023-02-18 15:45:04
597,outdoor,commercial,free standing,with light,2022-07-28 06:21:36
598,indoor,industrial,wall,without light,2022-06-26 21:15:01
599,indoor,industrial,roof,without light,2023-01-21 04:52:46
600,outdoor,commercial,wall,with light,2022-10-14 09:10:25
601,indoor,residential,free standing,with light,2022-08-14 21:48:32
602,outdoor,commercial,roof,without light,2023-02-23 04:28:26
603,outdoor,residential,wall,with light,2023-03-05 19:12:50
604,indoor,residential,wall,without light,2023-02-19 09:15:36
605,indoor,commercial,roof,without light,2023-02-05 14:11:01
606,outdoor,commercial,free standing,with light,2022-03-27 06:10:03
607,indoor,industrial,wall,without light,2022-04-13 07:06:46
608,indoor,commercial,free standing,with light,2022-04-26 17:16:50
609,indoor,commercial,free standing,with light,2023-03-11 16:27:43
610,outdoor,residential,wall,without light,2022-08-15 23:48:01
611,indoor,industrial,free standing,with light,2022-08-15 01:38:58
612,outdoor,residential,wall,with light,2023-02-08 13:12:31
613,indoor,industrial,roof,with light,2023-01-14 04:23:11
614,outdoor,commercial,roof,with light,2022-10-16 06:45:55
615,outdoor,industrial,roof,without light,2022-05-18 12:04:53
616,outdoor,residential,wall,with light,2022-11-11 13:30:39
617,indoor,residential,wall,with light,2022-05-25 18:49:01
618,outdoor,industrial,free standing,without light,2022-12-08 17:47:32
619,indoor,commercial,free standing,without light,2022-06-30 08:29:59
620,outdoor,industrial,roof,without light,2022-12-26 14:08:06
621,indoor,industrial,free standing,without light,2022-10-12 15:45:00
622,outdoor,industrial,roof,without light,2023-02-19 14:22:50
623,indoor,residential,roof,with light,2022-06-20 09:32:48
624,outdoor,commercial,wall,with light,2022-10-23 15:13:32
625,outdoor,commercial,free standing,with light,2023-03-12 02:10:07
626,outdoor,industrial,wall,with light,2022-03-21 05:28:07
627,indoor,industrial,wall,without light,2022-04-20 19:58:19
628,indoor,industrial,free standing,with light,2023-02-19 00:42:16
629,indoor,industrial,free standing,with light,2022-05-24 14:46:55
630,outdoor,residential,wall,with light,2022-05-13 07:16:55
631,indoor,commercial,free standing,with light,2022-08-03 01:16:19
632,outdoor,residential,roof,without light,2022-11-24 09:44:55
633,indoor,industrial,wall,without light,2022-07-26 00:36:43
634,indoor,industrial,free standing,without light,2022-07-16 14:36:16
635,indoor,commercial,wall,with light,2023-03-01 18:39:24
636,indoor,commercial,free standing,with light,2022-07-07 21:46:10
637,outdoor,industrial,roof,with light,2022-12-12 16:50:06
638,outdoor,industrial,free standing,without light,2022-10-10 14:25:16
639,outdoor,industrial,wall,without light,2022-12-21 02:13:16
640,indoor,residential,roof,with light,2022-08-13 03:22:31
641,indoor,commercial,free standing,with light,2022-09-09 14:43:32
642,indoor,residential,wall,with light,2022-10-29 09:28:40
643,indoor,commercial,roof,without light,2022-08-31 16:47:41
644,outdoor,industrial,free standing,with light,2022-07-07 21:57:15
645,outdoor,residential,roof,without light,2022-08-23 19:18:15
646,indoor,industrial,wall,with light,2022-06-22 08:04:43
647,outdoor,industrial,wall,with light,2022-04-09 06:15:25
648,outdoor,industrial,wall,without light,2023-01-03 15:26:47
649,indoor,commercial,free standing,with light,2023-01-13 07:58:02
650,indoor,residential,free standing,without light,2022-06-17 22:16:17
651,indoor,commercial,wall,without light,2022-11-06 04:27:11
652,outdoor,commercial,roof,without light,2023-01-26 19:36:33
653,indoor,residential,free standing,with light,2022-03-28 11:09:09
654,outdoor,residential,wall,without light,2022-03-26 13:36:48
655,indoor,residential,free standing,without light,2022-08-21 15:01:13
656,indoor,industrial,roof,without light,2022-06-29 12:59:19
657,outdoor,residential,roof,without light,2023-01-13 14:34:57
658,outdoor,commercial,free standing,without light,2022-05-29 08:24:37
659,outdoor,commercial,roof,without light,2023-01-08 20:19:57
660,indoor,commercial,free standing,with light,2022-12-10 22:47:18
661,outdoor,residential,wall,with light,2022-04-11 18:44:15
662,indoor,industrial,roof,without light,2022-03-30 09:23:44
663,outdoor,residential,wall,with light,2022-03-24 04:34:54
664,indoor,industrial,wall,without light,2022-07-07 20:26:25
665,outdoor,residential,free standing,without light,2022-08-21 16:38:23
666,indoor,industrial,wall,with light,2023-02-14 21:54:48
667,indoor,residential,free standing,without light,2022-09-30 03:42:04
668,indoor,residential,roof,without light,2022-04-30 08:12:45
669,outdoor,commercial,wall,without light,2022-06-07 19:07:44
670,outdoor,industrial,wall,without light,2023-03-12 16:49:50
671,indoor,commercial,wall,without light,2023-03-07 03:59:41
672,indoor,commercial,roof,with light,2023-03-07 21:57:07
673,indoor,commercial,free standing,without light,2022-12-08 00:49:09
674,outdoor,commercial,free standing,without light,2022-08-20 01:42:56
675,indoor,residential,roof,with light,2022-04-07 16:18:09
676,outdoor,industrial,roof,with light,2022-11-18 08:30:03
677,indoor,commercial,free standing,without light,2023-02-03 04:25:16
678,indoor,industrial,wall,without light,2022-07-07 22:50:40
679,outdoor,residential,roof,with light,2022-12-12 07:43:00
680,indoor,industrial,roof,without light,2022-07-20 01:44:01
681,outdoor,commercial,free standing,without light,2022-04-16 19:53:58
682,outdoor,industrial,free standing,without light,2023-01-15 09:46:03
683,indoor,residential,roof,without light,2023-02-18 02:19:20
684,indoor,industrial,wall,with light,2023-01-06 06:08:19
685,indoor,commercial,wall,without light,2022-09-14 09:31:03
686,outdoor,commercial,wall,without light,2022-04-04 02:12:47
687,outdoor,residential,roof,without light,2022-08-29 17:16:01
688,indoor,commercial,roof,without light,2022-05-16 07:27:11
689,outdoor,residential,roof,with light,2022-06-16 06:16:44
690,outdoor,commercial,roof,without light,2023-02-03 18:41:27
691,indoor,commercial,wall,without light,2022-09-05 10:45:45
692,outdoor,residential,free standing,without light,2022-07-02 09:29:38
693,indoor,residential,roof,with light,2022-03-26 17:24:01
694,outdoor,commercial,roof,without light,2022-06-07 20:17:57
695,outdoor,industrial,roof,with light,2022-07-06 04:54:57
696,outdoor,industrial,wall,without light,2022-12-18 03:18:08
697,indoor,residential,roof,with light,2022-09-09 18:24:34
698,indoor,residential,roof,without light,2023-01-10 09:19:45
699,outdoor,commercial,free standing,with light,2022-06-25 16:14:37
700,indoor,residential,roof,with light,2022-11-01 17:16:16
701,outdoor,residential,free standing,without light,2022-11-23 20:47:17
702,outdoor,commercial,roof,with light,2022-11-05 03:21:51
703,outdoor,industrial,roof,with light,2022-11-17 16:52:27
704,outdoor,residential,roof,without light,2022-10-30 15:21:09
705,indoor,residential,free standing,with light,2022-11-27 13:12:10
706,outdoor,industrial,wall,without light,2022-06-07 02:49:16
707,outdoor,commercial,roof,without light,2022-12-23 09:33:49
708,outdoor,industrial,free standing,without light,2022-09-16 19:22:23
709,indoor,commercial,roof,without light,2022-07-30 18:40:36
710,indoor,commercial,wall,with light,2022-08-29 14:19:15
711,indoor,commercial,roof,with light,2022-11-04 17:43:56
712,outdoor,industrial,free standing,with light,2022-08-05 18:32:51
713,outdoor,industrial,wall,without light,2022-09-02 07:17:53
714,outdoor,residential,roof,with light,2022-03-23 00:39:50
715,outdoor,industrial,roof,with light,2022-11-23 05:17:31
716,outdoor,residential,roof,without light,2022-10-24 19:33:59
717,outdoor,commercial,roof,without light,2022-10-22 07:37:08
718,outdoor,industrial,roof,without light,2022-08-16 18:40:40
719,indoor,industrial,roof,without light,2022-11-10 16:15:09
720,indoor,industrial,roof,without light,2022-10-10 03:11:47
721,indoor,residential,roof,without light,2022-09-23 21:04:19
722,outdoor,industrial,roof,with light,2023-01-11 05:15:38
723,outdoor,industrial,roof,with light,2023-02-01 04:43:26
724,outdoor,residential,roof,without light,2022-12-04 00:49:06
725,outdoor,industrial,roof,without light,2023-01-27 18:13:45
726,outdoor,commercial,roof,without light,2022-07-22 08:20:14
727,indoor,residential,wall,with light,2022-10-25 12:46:45
728,indoor,residential,free standing,with light,2023-01-06 03:25:27
729,outdoor,industrial,free standing,with light,2022-09-03 03:15:41
730,indoor,commercial,free standing,without light,2022-10-28 13:59:54
731,indoor,commercial,wall,with light,2022-07-08 13:24:43
732,indoor,industrial,roof,with light,2023-01-14 05:35:29
733,outdoor,industrial,wall,without light,2023-01-29 19:34:14
734,outdoor,residential,roof,with light,2023-02-11 23:32:07
735,outdoor,residential,roof,with light,2022-09-28 16:02:57
736,indoor,commercial,wall,with light,2022-06-01 16:57:35
737,indoor,commercial,free standing,without light,2022-11-18 10:05:54
738,outdoor,commercial,free standing,with light,2022-05-03 01:53:07
739,indoor,industrial,free standing,without light,2023-03-09 07:59:43
740,outdoor,residential,wall,with light,2022-11-24 04:37:26
741,indoor,residential,wall,without light,2022-12-31 10:30:12
742,outdoor,industrial,roof,without light,2022-12-17 18:52:38
743,indoor,industrial,roof,with light,2022-06-05 10:40:16
744,indoor,industrial,roof,with light,2022-10-10 13:00:45
745,outdoor,industrial,wall,without light,2022-10-18 13:19:58
746,indoor,residential,free standing,with light,2022-09-09 14:49:45
747,outdoor,residential,roof,with light,2022-04-16 16:17:23
748,outdoor,commercial,free standing,without light,2022-09-03 12:30:46
749,indoor,residential,free standing,without light,2022-03-24 14:26:59
750,indoor,commercial,wall,with light,2022-10-12 02:13:58
751,indoor,commercial,wall,with light,2022-11-14 14:25:29
752,indoor,commercial,roof,without light,2022-09-28 10:39:34
753,outdoor,industrial,free standing,with light,2023-02-11 23:38:09
754,outdoor,commercial,free standing,without light,2022-04-06 04:26:50
755,indoor,residential,roof,with light,2022-10-24 14:22:22
756,indoor,industrial,free standing,with light,2023-01-03 16:36:47
757,outdoor,residential,wall,with light,2023-02-11 07:44:43
758,indoor,commercial,wall,without light,2022-06-26 23:59:55
759,outdoor,industrial,wall,with light,2022-04-11 03:30:18
760,indoor,industrial,wall,without light,2023-02-27 23:46:58
761,indoor,residential,roof,with light,2022-09-08 20:25:45
762,outdoor,residential,free standing,without light,2022-09-28 19:49:59
763,outdoor,industrial,roof,with light,2022-10-08 10:32:31
764,indoor,residential,wall,with light,2023-03-09 09:52:28
765,outdoor,residential,free standing,without light,2022-06-27 08:21:21
766,indoor,industrial,free standing,without light,2022-12-02 23:17:23
767,outdoor,industrial,roof,without light,2022-06-30 17:43:25
768,indoor,industrial,roof,without light,2022-05-17 16:18:06
769,outdoor,commercial,wall,without light,2022-04-10 04:32:12
770,outdoor,industrial,wall,with light,2023-01-28 05:39:54
771,outdoor,commercial,roof,with light,2022-06-23 20:19:58
772,outdoor,residential,wall,with light,2022-10-01 19:49:15
773,indoor,residential,free standing,with light,2022-11-30 22:42:50
774,indoor,residential,wall,without light,2022-05-23 01:41:24
775,outdoor,commercial,roof,with light,2022-12-13 11:44:35
776,outdoor,industrial,free standing,with light,2023-02-20 17:34:26
777,outdoor,industrial,roof,with light,2023-02-07 09:40:31
778,outdoor,industrial,free standing,with light,2022-06-06 16:24:11
779,outdoor,commercial,wall,without light,2023-01-19 20:00:22
780,outdoor,residential,wall,with light,2022-11-17 02:43:06
781,outdoor,commercial,wall,without light,2022-06-06 08:41:46
782,indoor,commercial,roof,with light,2022-05-03 19:11:35
783,indoor,residential,wall,without light,2022-10-20 03:44:00
784,indoor,commercial,roof,without light,2023-02-25 03:15:59
785,outdoor,industrial,wall,with light,2023-01-13 16:24:30
786,outdoor,commercial,roof,without light,2022-03-31 05:35:29
787,outdoor,industrial,wall,without light,2022-09-18 10:35:18
788,indoor,industrial,wall,without light,2022-09-19 22:25:30
789,outdoor,industrial,roof,with light,2022-05-06 07:58:41
790,indoor,residential,roof,without light,2022-10-28 16:53:15
791,indoor,residential,wall,with light,2023-01-19 01:17:29
792,indoor,industrial,wall,without light,2023-01-20 16:06:01
793,indoor,industrial,roof,without light,2022-08-14 10:32:33
794,indoor,residential,roof,without light,2022-07-16 23:57:36
795,indoor,industrial,roof,with light,2022-04-14 20:49:35
796,indoor,industrial,free standing,without light,2022-11-23 21:54:25
797,outdoor,commercial,free standing,without light,2022-10-25 23:12:07
798,outdoor,industrial,roof,without light,2022-09-03 04:08:48
799,indoor,commercial,roof,with light,2023-03-09 18:22:50
800,indoor,commercial,wall,without light,2023-01-05 13:11:50
801,outdoor,commercial,wall,without light,2022-05-11 23:10:50
802,indoor,commercial,roof,without light,2022-04-05 09:13:13
803,indoor,residential,free standing,with light,2023-03-10 22:13:28
804,outdoor,residential,free standing,with light,2023-03-08 05:57:14
805,outdoor,industrial,roof,without light,2023-03-04 23:25:07
806,indoor,residential,free standing,without light,2023-01-28 16:22:06
807,outdoor,commercial,wall,without light,2022-04-28 06:51:30
808,indoor,commercial,free standing,with light,2022-12-30 23:00:24
809,indoor,commercial,wall,with light,2022-06-15 02:38:07
810,indoor,residential,wall,with light,2022-09-30 11:42:09
811,indoor,residential,wall,without light,2022-05-03 15:13:10
812,outdoor,residential,free standing,without light,2022-12-21 11:34:45
813,outdoor,commercial,wall,without light,2022-07-18 22:34:19
814,outdoor,residential,free standing,without light,2022-06-19 19:11:56
815,indoor,residential,roof,without light,2022-11-18 00:21:11
816,indoor,residential,free standing,with light,2023-01-20 07:07:11
817,outdoor,industrial,wall,with light,2022-10-05 10:17:15
818,indoor,industrial,free standing,without light,2022-08-28 02:12:09
819,outdoor,residential,free standing,with light,2022-11-23 04:51:18
820,indoor,residential,free standing,with light,2022-12-12 21:55:48
821,indoor,residential,free standing,with light,2022-04-18 20:49:02
822,indoor,commercial,wall,without light,2022-06-09 22:47:20
823,outdoor,commercial,roof,without light,2022-05-01 09:36:38
824,outdoor,commercial,roof,with light,2022-06-11 03:04:54
825,indoor,residential,free standing,with light,2022-09-10 01:33:59
826,indoor,industrial,free standing,with light,2022-08-20 05:43:34
827,indoor,residential,free standing,without light,2023-02-11 16:10:44
828,indoor,residential,free standing,without light,2023-03-17 22:00:27
829,indoor,residential,free standing,without light,2022-11-04 17:49:09
830,outdoor,industrial,roof,with light,2022-04-22 18:25:30
831,indoor,residential,wall,with light,2022-11-13 05:19:51
832,outdoor,commercial,roof,without light,2022-07-14 13:12:53
833,indoor,commercial,roof,without light,2022-09-10 21:25:44
834,indoor,residential,roof,with light,2022-05-02 16:27:41
835,outdoor,industrial,roof,with light,2022-03-23 06:45:41
836,indoor,industrial,free standing,with light,2022-07-01 12:53:58
837,outdoor,industrial,roof,with light,2022-10-24 05:49:30
838,outdoor,commercial,roof,without light,2022-10-18 19:57:34
839,outdoor,residential,wall,with light,2022-09-01 08:07:01
840,outdoor,commercial,roof,with light,2022-12-01 09:30:26
841,indoor,industrial,roof,without light,2022-10-27 03:54:00
842,indoor,residential,free standing,with light,2022-12-31 05:13:02
843,indoor,industrial,free standing,without light,2023-03-13 04:35:05
844,indoor,residential,roof,with light,2022-10-06 23:29:56
845,indoor,residential,free standing,without light,2022-09-17 16:20:05
846,indoor,industrial,wall,with light,2022-05-30 03:12:45
847,outdoor,industrial,wall,with light,2023-03-09 07:49:41
848,outdoor,commercial,free standing,without light,2023-01-13 21:21:20
849,indoor,industrial,free standing,without light,2023-02-19 04:12:36
850,outdoor,commercial,wall,with light,2022-12-15 00:40:53
851,indoor,residential,free standing,with light,2023-01-02 06:51:02
852,indoor,residential,free standing,without light,2022-03-28 17:55:00
853,outdoor,residential,free standing,with light,2023-02-12 01:04:05
854,outdoor,residential,roof,without light,2022-11-28 13:57:16
855,indoor,residential,wall,with light,2022-07-21 00:10:56
856,outdoor,residential,roof,with light,2023-01-17 04:00:22
857,outdoor,commercial,roof,without light,2023-03-02 23:55:26
858,indoor,industrial,roof,with light,2022-07-14 18:02:38
859,outdoor,industrial,free standing,without light,2022-04-24 04:23:11
860,indoor,industrial,wall,with light,2023-03-18 08:06:21
861,indoor,industrial,wall,with light,2023-01-07 13:00:37
862,outdoor,residential,wall,without light,2023-01-30 14:39:27
863,outdoor,residential,roof,with light,2023-03-05 03:59:53
864,outdoor,industrial,free standing,with light,2023-03-14 10:16:26
865,indoor,commercial,roof,without light,2022-10-10 11:57:30
866,outdoor,residential,free standing,without light,2023-03-05 10:04:23
867,outdoor,commercial,free standing,with light,2022-09-24 11:20:31
868,indoor,industrial,free standing,without light,2022-12-16 18:47:55
869,outdoor,commercial,wall,with light,2022-07-07 19:20:20
870,indoor,residential,roof,with light,2022-12-01 17:56:35
871,indoor,residential,roof,with light,2022-11-01 05:14:37
872,indoor,commercial,free standing,without light,2022-12-26 03:45:43
873,indoor,commercial,free standing,without light,2022-03-27 14:56:47
874,indoor,commercial,free standing,without light,2022-10-24 12:48:47
875,outdoor,industrial,roof,without light,2022-10-06 07:14:17
876,outdoor,commercial,wall,with light,2022-12-12 11:37:19
877,indoor,commercial,free standing,with light,2022-04-21 21:42:02
878,outdoor,industrial,roof,with light,2022-06-24 15:03:12
879,outdoor,commercial,wall,without light,2022-10-06 17:44:22
880,indoor,industrial,wall,with light,2022-06-02 15:12:27
881,outdoor,residential,wall,without light,2022-08-17 17:16:28
882,indoor,commercial,roof,with light,2022-06-04 18:29:33
883,indoor,industrial,wall,with light,2022-09-06 07:31:01
884,outdoor,commercial,wall,with light,2022-06-09 00:41:40
885,outdoor,residential,roof,without light,2022-08-08 21:05:49
886,indoor,industrial,roof,with light,2022-06-16 19:45:08
887,outdoor,industrial,wall,without light,2022-07-20 05:23:51
888,indoor,residential,roof,with light,2022-07-03 04:46:37
889,outdoor,residential,roof,without light,2022-12-08 10:57:45
890,indoor,residential,wall,without light,2022-06-11 07:25:44
891,indoor,commercial,wall,with light,2022-06-07 00:39:48
892,outdoor,commercial,free standing,with light,2023-02-13 07:43:20
893,outdoor,commercial,wall,with light,2023-02-13 08:43:38
894,indoor,industrial,free standing,with light,2022-06-04 14:01:13
895,outdoor,commercial,wall,with light,2022-06-16 20:10:55
896,outdoor,industrial,roof,without light,2022-05-03 10:07:34
897,indoor,residential,free standing,with light,2022-08-04 16:29:36
898,indoor,industrial,wall,without light,2022-05-08 17:40:25
899,indoor,commercial,roof,with light,2023-01-04 09:01:18
900,outdoor,commercial,free standing,with light,2022-05-25 05:17:37
901,outdoor,residential,wall,with light,2023-02-19 20:22:04
902,outdoor,commercial,roof,with light,2023-01-21 15:02:55
903,indoor,industrial,roof,with light,2023-01-16 10:31:21
904,outdoor,residential,free standing,without light,2022-04-18 12:41:26
905,indoor,commercial,free standing,with light,2022-06-22 13:54:42
906,outdoor,industrial,roof,without light,2022-05-14 07:20:23
907,outdoor,residential,roof,without light,2022-07-08 21:27:44
908,outdoor,industrial,free standing,without light,2022-09-16 23:19:36
909,indoor,industrial,free standing,with light,2023-02-24 11:27:24
910,indoor,residential,roof,without light,2022-07-02 08:00:14
911,outdoor,industrial,wall,with light,2022-09-29 00:52:02
912,outdoor,residential,roof,without light,2023-02-26 07:44:33
913,indoor,industrial,roof,with light,2022-06-26 05:12:55
914,outdoor,commercial,roof,with light,2023-02-18 23:52:42
915,indoor,residential,wall,with light,2022-08-30 04:27:38
916,indoor,residential,free standing,without light,2022-12-13 08:40:01
917,outdoor,residential,free standing,without light,2023-02-19 23:33:42
918,outdoor,commercial,roof,with light,2022-05-20 05:28:58
919,indoor,industrial,free standing,with light,2023-02-18 12:55:11
920,indoor,residential,free standing,with light,2022-09-23 05:03:58
921,outdoor,residential,roof,with light,2022-12-30 16:05:26
922,indoor,residential,roof,without light,2022-10-28 15:42:26
923,outdoor,residential,roof,with light,2022-11-02 21:44:04
924,outdoor,commercial,wall,with light,2023-03-05 22:27:38
925,indoor,residential,roof,with light,2022-11-25 04:46:44
926,outdoor,industrial,free standing,with light,2022-06-02 14:46:49
927,indoor,residential,wall,with light,2023-01-03 02:47:12
928,outdoor,industrial,wall,with light,2022-12-14 08:49:08
929,outdoor,industrial,free standing,without light,2022-11-06 01:45:34
930,outdoor,residential,free standing,with light,2022-09-25 09:55:22
931,indoor,commercial,wall,with light,2022-04-30 07:26:32
932,outdoor,industrial,roof,with light,2022-04-23 11:48:31
933,outdoor,residential,free standing,with light,2023-01-20 18:21:19
934,outdoor,industrial,free standing,with light,2022-03-20 14:48:22
935,outdoor,industrial,free standing,with light,2022-12-03 12:00:13
936,outdoor,industrial,wall,with light,2022-10-20 15:11:47
937,indoor,industrial,free standing,without light,2023-01-09 12:31:59
938,indoor,industrial,wall,with light,2022-09-28 01:58:50
939,outdoor,industrial,roof,with light,2022-07-18 13:47:58
940,indoor,residential,wall,with light,2023-01-06 00:17:40
941,indoor,commercial,roof,with light,2022-12-28 21:21:28
942,indoor,industrial,roof,with light,2022-11-20 22:53:31
943,indoor,industrial,free standing,without light,2022-08-21 23:56:50
944,indoor,industrial,roof,with light,2022-07-13 16:43:20
945,indoor,residential,free standing,without light,2022-09-03 12:10:42
946,indoor,commercial,roof,without light,2022-08-14 03:53:20
947,indoor,residential,roof,with light,2022-11-01 20:35:59
948,indoor,commercial,free standing,without light,2022-12-12 11:59:57
949,outdoor,residential,free standing,without light,2022-12-15 09:17:18
950,indoor,residential,free standing,with light,2022-10-23 23:03:00
951,indoor,residential,wall,without light,2023-02-10 23:04:50
952,outdoor,commercial,free standing,with light,2023-01-24 05:52:53
953,indoor,residential,wall,with light,2022-06-12 09:51:06
954,indoor,industrial,free standing,with light,2023-02-07 14:31:41
955,outdoor,commercial,roof,with light,2023-01-10 07:32:36
956,outdoor,residential,wall,without light,2022-05-24 18:24:36
957,outdoor,residential,wall,with light,2022-08-07 08:38:22
958,outdoor,commercial,free standing,without light,2022-09-01 20:20:59
959,outdoor,commercial,wall,without light,2022-05-20 15:49:17
960,outdoor,residential,wall,without light,2023-03-08 04:54:58
961,outdoor,commercial,roof,without light,2022-07-15 23:22:48
962,indoor,residential,roof,without light,2022-07-11 11:52:42
963,indoor,residential,free standing,without light,2022-04-22 01:06:07
964,indoor,commercial,roof,without light,2023-03-11 16:05:57
965,outdoor,residential,wall,with light,2022-05-17 22:51:27
966,indoor,residential,free standing,without light,2022-06-14 03:59:24
967,outdoor,commercial,wall,with light,2022-04-12 04:28:59
968,outdoor,industrial,wall,without light,2022-09-03 18:03:44
969,outdoor,residential,wall,with light,2023-01-18 19:16:48
970,outdoor,residential,wall,with light,2023-03-11 07:13:20
971,indoor,industrial,wall,without light,2022-10-03 19:32:33
972,outdoor,commercial,wall,without light,2022-03-22 19:49:48
973,indoor,residential,roof,with light,2022-06-30 16:35:55
974,outdoor,residential,free standing,without light,2022-10-10 11:05:21
975,indoor,commercial,roof,without light,2022-04-11 10:20:07
976,indoor,commercial,roof,without light,2022-06-15 13:05:32
977,indoor,residential,wall,with light,2022-04-27 22:25:50
978,outdoor,commercial,roof,without light,2022-06-11 18:44:16
979,outdoor,commercial,free standing,without light,2022-07-09 15:54:38
980,indoor,commercial,free standing,with light,2022-12-27 22:30:40
981,indoor,commercial,roof,with light,2022-10-28 04:57:59
982,outdoor,residential,free standing,with light,2022-08-20 17:24:20
983,outdoor,industrial,wall,with light,2023-03-11 02:56:13
984,indoor,industrial,roof,without light,2023-01-20 03:33:46
985,indoor,residential,free standing,without light,2023-01-19 20:41:07
986,outdoor,commercial,roof,with light,2022-04-22 14:53:50
987,indoor,industrial,free standing,with light,2022-12-06 19:15:45
988,indoor,residential,wall,with light,2022-09-18 19:36:54
989,outdoor,industrial,roof,with light,2023-01-14 20:05:34
990,indoor,industrial,roof,with light,2023-03-17 08:17:24
991,indoor,residential,roof,without light,2022-04-12 00:36:22
992,indoor,industrial,wall,without light,2022-08-30 19:12:57
993,outdoor,industrial,roof,with light,2022-03-24 14:22:34
994,outdoor,commercial,wall,with light,2023-02-01 03:49:55
995,indoor,residential,wall,without light,2022-10-24 03:28:11
996,indoor,residential,free standing,with light,2022-04-01 05:46:31
997,indoor,residential,wall,without light,2022-12-21 17:48:22
998,outdoor,industrial,free standing,with light,2022-09-06 12:53:14
999,outdoor,commercial,free standing,without light,2022-03-29 14:20:23
1000,indoor,residential,wall,with light,2022-07-07 02:23:44
